T,accuracy,nll
1,0.979200005531311,0.06483174115419388
2,0.9865999817848206,0.0513121522963047
3,0.988099992275238,0.048299092799425125
5,0.9886000156402588,0.04673584923148155
10,0.9886000156402588,0.04527054354548454
20,0.989799976348877,0.044797383248806
30,0.9890000224113464,0.044400960206985474
50,0.9896000027656555,0.04385295510292053
75,0.9894000291824341,0.04361730441451073
100,0.9897000193595886,0.0435652881860733
