T,accuracy,nll
1,0.9768999814987183,0.07117816060781479
2,0.9846000075340271,0.0546165332198143
3,0.9866999983787537,0.05088810250163078
5,0.9883999824523926,0.04718255624175072
10,0.9886999726295471,0.04590047523379326
20,0.9890999794006348,0.045616671442985535
30,0.9890999794006348,0.04520741105079651
50,0.9894999861717224,0.04488978907465935
75,0.9894999861717224,0.044806718826293945
100,0.9894999861717224,0.044709037989377975
