coverage,accuracy,kept
0.05,1.0,500
0.1,1.0,1000
0.15,1.0,1500
0.2,1.0,2000
0.25,1.0,2500
0.3,1.0,3000
0.35,1.0,3500
0.39999999999999997,1.0,4000
0.44999999999999996,1.0,4500
0.49999999999999994,1.0,5000
0.5499999999999999,1.0,5500
0.6,1.0,6000
0.65,1.0,6500
0.7,1.0,7000
0.75,1.0,7500
0.7999999999999999,1.0,8000
0.85,1.0,8500
0.9,0.9997777777777778,9000
0.95,0.9988421052631579,9500
1.0,0.9893,10000
